document_id,tweetText,sentiment
1,image fx competitive fencing tournament ai aiart generativeai imagefx httpstcolbnttcexh,negative
2,responsible orgs marketing practice true competitive differentiator dataprivacy generativeai mrm httpstcoellxzbgi,negative
3,connected intelligence boomi lock apis generative generation ai artificialintelligence generativeai data cybersecurity digitaltransformation mwc httpstcocztgfkmx httpstcosfoxhea,neutral
4,fascinated fusion art technology explore new google scholar profile im pushing boundary generativeai artisticstyletransfer quantumcomputing explainableai im investigating machine process also innovate httpstcogvwdbqfgoe httpstcoswwewhgiz,positive
5,microsoft tout muse new generative ai model video game visuals polygon httpstcotnpngs generativeai genai ai,negative
6,youre talentless hack used another human design code plagiarize work youre developer youre tracer generativeai httpstcokhcdevrqg,negative
7,plan regulated ai future cx artificialintelligence generativeai data cybersecurity digitaltransformation mwc httpstcothxuxvz httpstcoamyuzltr,positive
8,plan regulated ai future cx artificialintelligence generativeai data cybersecurity digitaltransformation mwc httpstcoiqfemmsn httpstcorgpmmcsab,neutral
9,generative ai revolutionizing healthcare faster drug discovery personalized treatment potential improve patient care immense biggest opportunity challenge see ai healthcare aiinhealthcare generativeai healthtech,positive
10,gai insight talk lot win framework exactly hear downlow cofounder dr john svioka check blog learn ai futureofwork generativeai productivity innovation gaiinsights httpstcorslsehvql,neutral
11,published nononsense guide inspired karpathy large language modelsfrom pretraining finetuning scaling law dive nut amp bolt ai httpstcojxvctqis ai generativeai llm machinelearning technews,neutral
12,httpstcohjxivzhcu apple unveils iphone e advanced ai affordable price apple iphonee generativeai technews mobiletech budgetphone aiinnovation applerelease smartphonenews techupdates httpstcocmgupx,positive
13,osi model evolving generative ai enabling selflearning network predict failure automate security optimize data flow real time ai isnt enhancing networksits redefining generativeai,negative
14,malditos bastardos subestimeis mi determinacin chatipmf generativeai httpstcoupcezbnmz,negative
15,one walk forest artoftheday photoshop creativedesign midjourneyart digitalart generativeai generativeart wallpaper wallpaper promptart art midjourney aiartwork midjourneyartwork midjourneyai midjourneyv aiartworks pepe pepe httpstcofhvtybtc,neutral
16,kitchen boardroom leader use ai effectively cx artificialintelligence generativeai data cybersecurity digitaltransformation mwc httpstcockirvcjsxd httpstconcaphieezf,negative
17,save date friday february cxotalk guest jainarvind ceo amp cofounder glean ai automation generativeai cto cio enterpriseai search aisearch httpstcokfsxollua,negative
18,httpstcohjxivzhcu apple launch iphone e generative ai everyone applenews iphonee generativeai technews mobiletech appleinnovation budgetsmartphone gtechnology artificialintelligence techupdates httpstcoctfqtoc,neutral
19,generative ai con osnews httpstcoucdtxhyynq generativeai genai ai,neutral
20,new blog post iphone se iphone e key takeaway apple latest budget iphone launch httpstcopilicrl apple iphone iphonee e smartphones kenya africa ai artificialintelligence appleintelligence genai generativeai httpstcodypwsgtm,negative
21,autonomous artificial intelligence ai reactive machine theory mind selfawareness limited memory ai artificialintelligence autonomous automation chatgpt generativeai machinelearning deeplearning httpstcoatealmqwn,positive
22,buzz agenticai ai artificialintelligence generativeai data cybersecurity digitaltransformation mwc ianljones shitech frronconi bimedotcom richardturrin khuloodalmani enilev nicochan jimharris lyakovet glengilmore efipm xbond httpstcowrlesdxiv httpstcoikgsnz,positive
23,generativeai flooding web deepfakes disinformation httpstcoezzhuuovu v techcrunch ai misinformation aiethics cc ym nafisalam asokantelecom rldilamy nicochan httpstcorvhfpwush,positive
24,build verifiable explainability financial service workflow automated reasoning check amazonbedrock guardrail httpstcoxjutiggza aws cloud cloudcomputing cloudops ai generativeai innovation digitaltransformation httpstcoupxlgougdo,neutral
25,wavv x agi house brought ai creativity together romantic hacker build day aigenerated love letter custom music hacked future romance big thanks partner amp sponsor ai generativeai hackathon musictech wavv ivanlinn httpstconyncpgou,neutral
26,excited start journey generative ai exploring llm embeddings langchain building project deepseekrb amp hugging face stay tuned insight amp learning ai llm generativeai,negative
27,generative ai future search study show significantly impact user experience providing personalized conversational result think traditional search engine become obsolete generativeai search ai,neutral
28,ai art alkaidvision aiartcommuity aiartists generativeai httpstcovddmhrpv,positive
29,ai art alkaidvision aiartcommuity aiartists generativeai httpstcobebkeyvps,neutral
30,ai art alkaidvision aiartcommuity aiartists generativeai httpstcogvychpji,negative
31,u first major ai copyright ruling might mean ip law httpstcovuxwnvja via techcrunch ai copyright ip generativeai,positive
32,ai art alkaidvision aiartcommuity aiartists generativeai httpstcosqvmrqsw,negative
33,get aiready without breaking budget cx artificialintelligence generativeai data cybersecurity digitaltransformation mwc httpstcoxliyptrjyy httpstcohycqdwop,negative
34,business professional guide ai prompting cx artificialintelligence generativeai data cybersecurity digitaltransformation mwc httpstcockqowlhjs httpstcozyyydbil,negative
35,ai art alkaidvision aiartcommuity aiartists generativeai httpstcogyudtdowza,neutral
36,ai art alkaidvision aiartcommuity aiartists generativeai httpstcoqypgrns,negative
37,ai art alkaidvision aiartcommuity aiartists generativeai httpstcoonjejqpdgg,neutral
38,ai art alkaidvision aiartcommuity aiartists generativeai httpstcomtriacfrww,negative
39,ai art alkaidvision aiartcommuity aiartists generativeai httpstcozhffsonxz,neutral
40,der kursverlauf von aitechio hat seit dem hype stark nachgegeben da oft totgesagte projekt investiert weitere aiagentenprojekte e wird spannend ob aitech e schafft sich gegen die konkurrenz zu behaupten aiagent solidus soliduaitech generativeai httpstcokhowwvkq,positive
41,ai companion future friendship dangerous illusion httpstcoivimdsdow ai artificialntelligence aibots personalization technology innovation virtualrelationship generativeai need business businessstrategy,negative
42,rapture blacklightai see full hour long epic httpstcofolsqwuam generativeai artificialintelligence aistreaming futureofai digitalstorytelling empoweringcreators httpstcocfpovxjyx,positive
43,ai world congress httpstcodtdmxjnig june london book ai artificialintelligence bigdata machinelearning generativeai quantumcomputing metaverse cloud robotics robot iot aiot g internetofthings g ar web quantum computing httpstcovmofmu,negative
44,hair aiart generativeai httpstcogjhuznserd httpstcocdvuqafe,negative
45,ai security security ai important digitaltransformation digitalenterprise digitalengineering digitalthread digitaltrust iot generativeai agenticai digitaltwin edgecomputing edgeai aiethics g industry ir httpstcoufpywwnb,positive
46,personal note journaling knowledge base project management obsdmd give tool idea amporganization alxafrica kalibetre julienbarbier alxaisk generativeai httpstcowicfwfwv,neutral
47,digitaltransformation digitalenterprise digitalengineering digitalthread digitaltrust iot ai generativeai agenticai digitaltwin edgecomputing edgeai aiethics g industry ir httpstcoupwppobllc,negative
48,aienabled software product development life cycle fuel innovation httpstcobqqhkhplx mckinsey tech business leader leadership management development developer sdlc tech digital disruption genai generativeai productdevelopment cio cto httpstcopsncmcjrq httpstcocaseuyd,negative
49,ai dectors hear dubiousness getting praise accuracy ready widespread use httpstcorgktmg academicintegrity researchintegrity ai generativeai httpstcouqpkaa,positive
50,google search traffic stable despite surge ai chatbots use artificialintelligence generativeai data cybersecurity digitaltransformation mwc httpstcoaksenmd httpstcotuerbhg,negative
51,nine innovation combine ai quantumcomputing cx artificialintelligence generativeai data cybersecurity digitaltransformation mwc httpstcoffhayhhr httpstcoivpjggrbg,neutral
52,use generativeai gain insight segmentation predictive model engagement pattern highvalue account brand sentiment market competitive intelligence customer churn risk buying signal demandspring marketingprofs httpstcogvihgkttg,negative
53,microsoft debut muse generative ai gaming fan exactly pleased vice httpstcokteimhqtnh generativeai genai ai,positive
54,future food safety nextgen technology rise supplychains digitaltransformation digitalenterprise digitalthread digitaltrust iot ai generativeai agenticai digitaltwin edgecomputing edgeai aiethics httpstcozijfblu,negative
55,ai art alkaidvision aiartcommuity aiartists generativeai httpstcobtmasvti,positive
56,ai art alkaidvision aiartcommuity aiartists generativeai httpstcofmidvpqd,negative
57,ai art alkaidvision aiartcommuity aiartists generativeai httpstcocojrsgrrh,negative
58,bmw used people test nextgeneration technology autonomouscars digitaltransformation digitalenterprise digitalengineering digitalthread digitaltrust iot ai generativeai agenticai digitaltwin edgecomputing edgeai aiethics g httpstcomkspljq httpstcopukhthumz,neutral
59,prediction practice ai role healthcare cx artificialintelligence generativeai data cybersecurity digitaltransformation mwc httpstcohuzfhapnuf httpstconzuzfybhk,positive
60,new technology trend digitaltransformation digitalenterprise digitalengineering digitalthread digitaltrust iot ai generativeai agenticai digitaltwin edgecomputing edgeai aiethics g industry ir httpstcokqusajxab,negative
61,ai art alkaidvision aiartcommuity aiartists generativeai httpstcododffvel,positive
62,healthtech digitaltransformation digitalenterprise digitalthread digitaltrust iot ai generativeai agenticai digitaltwin edgecomputing edgeai aiethics httpstcobehkwow,positive
63,time square new york excellence award nft art innovation success adventure passion creation blockchain galleryexhibition generativeart generativeai audry contemporaryart artcollector artcommunity artinspiration creativelife httpstcolarbecndff,positive
64,ai art alkaidvision aiartcommuity aiartists generativeai httpstcobwnixo,neutral
65,ai art alkaidvision aiartcommuity aiartists generativeai httpstcoebeohxnpg,neutral
66,healthtech digitaltransformation digitalenterprise digitalengineering digitalthread digitaltrust iot ai generativeai agenticai digitaltwin edgecomputing edgeai aiethics g industry ir httpstcoqwqfgmcxqj,positive
67,digitaltransformation digitalenterprise digitalengineering digitalthread digitaltrust iot ai generativeai agenticai digitaltwin edgecomputing edgeai aiethics g industry ir httpstcoadxkbaio,neutral
68,check aiad created using adspire generativeai httpstcomhxbeuazg,negative
69,aivideo generativeai httpstcovfobtjbx,neutral
70,generative ai primed lot create marketing content take next generation genai use case marketing martech generativeai marketing cdp analytics httpstcoifygbtjzi,positive
71,prompt make wolf howl ticker xeroai erc token aka xero tool human imagination strapline sora crypto vertical ai artificialintelligence niche generativeai trending hot narrative application texttovideo elevator pitch turn text httpstcomtkeqoystv httpstcorucduwdm,positive
72,ai art alkaidvision aiartcommuity aiartists generativeai httpstcoxnseuif,neutral
73,prompt make wolf howl ticker xeroai erc token aka xero tool human imagination strapline sora crypto vertical ai artificialintelligence niche generativeai trending hot narrative application texttovideo elevator pitch turn text httpstcombhtcgbamj httpstcoosctssf,negative
74,ai art alkaidvision aiartcommuity aiartists generativeai httpstcooxpcoel,neutral
75,grok xai grok xai ai economic time ai generativeai masterclass businessstrategy httpstcochynqnqu,negative
76,prompt make wolf howl ticker xeroai erc token aka xero tool human imagination strapline sora crypto vertical ai artificialintelligence niche generativeai trending hot narrative application texttovideo elevator pitch turn text httpstcoacwmtljp httpstcohpakfgboi,neutral
77,gtc gain insight nvidia mayoclinic properly scale ai development deploy across enterprise youll learn critical element needed operationalize generativeai including infrastructure comprehensive software stack cluster httpstcoeyoeipnou httpstcoqyuocwiz,positive
78,genai honeymoon time get serious roi data infrastructure amp innovation build innovation muscle focus responsible ai amp prep next wave agentic ai generativeai aistrategy innovation httpstcovlzmbswa,neutral
79,blog updated aiart aigirl aicosplay ship generativeai stablediffusion httpstcoqcdpchwu,neutral
80,gtc gain insight nvidia mayoclinic properly scale ai development deploy across enterprise youll learn critical element needed operationalize generativeai including infrastructure comprehensive software stack cluster httpstcofgnzviwqjy httpstcouvxpvzume,neutral
81,gtc gain insight nvidia mayoclinic properly scale ai development deploy across enterprise youll learn critical element needed operationalize generativeai including infrastructure comprehensive software stack cluster httpstcorzifbgr httpstcotducoqq,negative
82,communication like future something ai amp quantumnetworks ie communication interaction aibrain aiai amp brainbrain entanglement btw entanglement activation already generativeai evolution,positive
83,ai art alkaidvision aiartcommuity aiartists generativeai httpstcoscuomlrc,positive
84,openai government official discus deepseek development ai artificialintelligence generativeai data cybersecurity digitaltransformation mwc httpstcohvuppnz httpstcoarlguvokto,neutral
85,generativeai halloween theme illustration created stabilityai upscaled magnificai,neutral
86,even ruin knowledge persists artoftheday photoshop creativedesign midjourneyart digitalart generativeai generativeart wallpaper wallpaper promptart art artfulexpchc midjourney aiartwork midjourneyartwork midjourneyai midjourneyv aiartworks pepe pepe httpstcopgsuywbl,positive
87,ai art alkaidvision aiartcommuity aiartists generativeai httpstcoqgcremnnk,negative
88,ai art alkaidvision aiartcommuity aiartists generativeai httpstcotegsltux,neutral
89,ai art alkaidvision aiartcommuity aiartists generativeai httpstcohraxvskms,positive
90,ai art alkaidvision aiartcommuity aiartists generativeai httpstcojjqvaxza,neutral
91,ai art alkaidvision aiartcommuity aiartists generativeai httpstcoegjbnssvz,neutral
92,httpstcohjxivzhcu quantum computing advance synthetic data ai national security generativeai quantumcomputing syntheticdata artificialintelligence nationalsecurity cybersecurity technews aiinnovation quantumtech datascience httpstcopksldlqw,positive
93,genai isnt toy business tool many chemical company treat ai like experiment strategy here thats problem fix httpstcojrsgstdq genai generativeai ai technicalsales chemical chemicalindustry,positive
94,generativeai transforming cybersecurity amp mainframesecuritya doubleedged sword big risk amp opportunity dont miss ichis take good bad amp ugly generative ai amp cybersecurity httpstcopygrlbmkb vertmf httpstcobyigzmszpt,positive
95,computing meet ai cloud gpus become catalyst breakthrough field ranging climate modeling drug discovery httpstcorktlafqi machinelearning adversarialai ai enterpriseai generativeai,positive
96,need agentic tech infrastructure orchestration ai artificialintelligence generativeai data cybersecurity digitaltransformation mwc httpstcotvzfgskzk httpstcoghdkhku,negative
97,dont miss next foundationsofai course intro ai deeplearning amy hemmeter halfday course february cover basic ml deeplearning nlp computervision generativeai aimodels datascience register httpstcoopntskt httpstcocwsclpleb,neutral
98,next frontier legal ai embracing agentic model lexisnexis httpstcoxhmukyqdtc generativeai genai ai,positive
99,geoffkeighley whoa muse creating new bleeding edge sequence publicai harnessing ai human creativity cant wait see gamechanging idea emerge generativeai gameon,positive
100,akhaliq huge indeed microsoft drop muse publicai drop data fueling next gen gameplay ai generativeai,neutral
